,Player,NewPos,MP,Gls,Ast,G+A,xG,xAG,Age,CrdY,CrdR,PrgC,PrgP,PrgR,FantasyPoints,PlayerCost
0,Rodri,MF,34,8,9,17,4.1,3.9,27,8,1,76,376,55,321.97777777777776,16.05
1,Phil Foden,FW,35,19,8,27,10.3,8.4,23,2,0,93,168,269,411.3888888888889,26.5
2,Ederson,GK,33,0,0,0,0.0,0.1,29,5,0,0,4,0,-2.533333333333333,6.05
3,Julián Álvarez,MF,36,11,8,19,13.0,6.4,23,2,0,64,103,180,283.3,26.2
4,Kyle Walker,DF,32,0,4,4,0.4,2.6,33,2,0,74,157,172,214.95555555555555,9.700000000000001
5,Bernardo Silva,MF,33,6,9,15,3.7,7.6,28,8,0,140,177,260,352.8666666666667,17.5
6,Erling Haaland,FW,31,27,5,32,29.2,4.3,23,1,0,35,26,126,305.5444444444445,43.35
7,Rúben Dias,DF,30,0,0,0,1.4,0.3,26,0,0,34,173,16,114.93333333333334,9.55
8,Manuel Akanji,DF,30,2,0,2,1.9,0.5,28,4,1,46,148,36,122.63333333333333,10.15
9,Joško Gvardiol,DF,28,4,1,5,3.1,1.4,21,3,0,63,136,115,184.9111111111111,11.799999999999999
10,Nathan Aké,DF,29,2,2,4,2.5,1.2,28,0,0,24,116,18,101.52222222222223,11.1
11,Jeremy Doku,FW,29,3,8,11,2.5,4.6,21,3,0,218,57,295,330.9222222222222,16.8
12,Mateo Kovačić,MF,30,1,0,1,1.3,1.6,29,4,0,37,100,38,93.03333333333333,12.100000000000001
13,Kevin De Bruyne,MF,18,4,10,14,2.4,11.5,32,2,0,47,111,133,209.8,18.15
14,John Stones,DF,16,1,0,1,1.0,0.2,29,2,0,16,57,24,53.87777777777778,9.1
15,Jack Grealish,FW,20,3,1,4,2.1,2.5,27,6,0,87,50,146,160.42222222222222,15.35
16,Rico Lewis,DF,16,2,0,2,0.6,1.1,18,1,0,21,33,46,61.477777777777774,9.15
17,Matheus Nunes,MF,17,0,2,2,0.8,1.1,24,0,0,28,34,58,68.88888888888889,11.350000000000001
18,Stefan Ortega,GK,9,0,0,0,0.0,0.0,30,0,0,0,0,0,0.1,6.0
19,Oscar Bobb,FW,14,1,1,2,1.4,1.2,20,0,0,13,25,38,50.15555555555555,14.0
20,Kalvin Phillips,MF,4,0,0,0,0.1,0.0,27,0,0,7,7,3,8.744444444444444,10.1
21,Sergio Gómez,FW,6,0,1,1,0.2,0.2,22,0,0,4,2,4,8.666666666666668,12.299999999999999
22,Aymeric Laporte,DF,1,0,0,0,0.0,0.0,29,0,0,0,0,0,0.011111111111111112,8.0
23,Cole Palmer,MF,1,0,0,0,0.0,0.0,21,0,0,0,0,0,0.011111111111111112,10.0
24,James Mcatee,MF,1,0,0,0,0.0,0.0,20,0,0,0,0,0,0.011111111111111112,10.0
25,Virgil van Dijk,DF,36,2,2,4,2.8,1.6,32,3,1,32,200,7,136.9,11.600000000000001
26,Luis Díaz,FW,37,8,5,13,11.9,5.7,26,3,0,137,113,302,357.9111111111111,26.75
27,Alexis Mac Allister,MF,33,5,5,10,3.7,3.6,24,7,1,44,209,48,191.86666666666667,15.5
28,Mohamed Salah,FW,32,18,10,28,21.2,11.8,31,2,0,98,147,341,465.4555555555556,39.1
29,Alisson,GK,28,0,0,0,0.0,0.0,30,1,0,0,5,0,1.8111111111111111,6.0
30,Trent Alexander-Arnold,DF,28,3,4,7,2.6,7.2,24,6,0,45,205,97,207.2111111111111,14.2
31,Dominik Szoboszlai,MF,33,3,2,5,3.7,5.8,22,1,0,75,152,160,227.06666666666666,16.599999999999998
32,Darwin Núñez,FW,36,11,8,19,16.3,6.0,24,9,0,58,54,206,268.0,31.3
33,Wataru Endo,MF,29,1,0,1,0.5,1.7,30,10,0,10,101,21,64.02222222222223,11.35
34,Andrew Robertson,DF,23,3,2,5,1.9,5.4,29,2,0,63,140,130,194.95555555555558,12.600000000000001
35,Joe Gomez,DF,32,0,1,1,0.8,1.3,26,5,0,44,100,105,125.75555555555556,9.450000000000001
36,Cody Gakpo,FW,35,8,5,13,9.0,2.9,24,1,0,43,83,130,203.2888888888889,22.45
37,Ibrahima Konaté,DF,22,0,0,0,0.7,0.4,24,5,1,24,118,3,66.54444444444445,8.899999999999999
38,Curtis Jones,MF,23,1,1,2,2.6,0.7,22,3,1,31,74,88,104.65555555555555,12.95
39,Diogo Jota,FW,21,10,3,13,5.3,3.3,26,3,1,54,34,111,166.63333333333333,18.95
40,Jarell Quansah,DF,17,2,0,2,1.0,0.1,20,1,0,13,67,1,51.78888888888889,9.05
41,Ryan Gravenberch,MF,26,1,0,1,2.0,0.9,21,0,0,39,78,71,104.1888888888889,12.45
42,Harvey Elliott,MF,34,3,6,9,2.7,3.5,20,2,0,44,128,122,187.27777777777777,14.45
43,Caoimhín Kelleher,GK,10,0,0,0,0.0,0.0,24,0,0,0,1,0,0.6111111111111112,6.0
44,Conor Bradley,DF,11,1,3,4,0.9,1.5,20,2,0,35,29,64,79.42222222222222,9.65
45,Joël Matip,DF,10,0,0,0,0.5,0.1,31,2,0,8,34,1,20.61111111111111,8.55
46,Kostas Tsimikas,DF,13,0,3,3,0.1,1.0,27,0,0,24,31,73,74.34444444444443,8.6
47,Bobby Clark,MF,5,0,0,0,0.1,0.0,18,0,0,3,3,7,6.7555555555555555,10.1
48,Stefan Bajcetic,MF,1,0,0,0,0.0,0.0,18,0,0,0,1,0,0.5111111111111111,10.0
49,Ben Doak,FW,1,0,0,0,0.0,0.0,17,0,0,0,0,0,0.011111111111111112,12.0
50,Jayden Danns,FW,2,0,0,0,0.0,0.0,17,1,0,0,1,2,0.5222222222222223,12.0
51,Owen Beck,DF,1,0,0,0,0.0,0.0,20,0,0,0,0,1,0.5111111111111111,8.0
52,Thiago Alcántara,MF,1,0,0,0,0.0,0.0,32,0,0,0,0,0,-0.1888888888888889,10.0
53,James McConnell,MF,3,0,0,0,0.0,0.0,18,0,0,0,1,0,0.5333333333333333,10.0
54,Kaide Gordon,FW,1,0,0,0,0.0,0.0,18,0,0,0,1,0,0.5111111111111111,12.0
55,William Saliba,DF,38,2,1,3,1.6,0.2,22,4,0,16,157,6,102.32222222222222,9.7
56,Declan Rice,MF,38,7,8,15,3.3,5.3,24,5,0,75,278,64,274.8222222222222,15.950000000000001
57,Martin Ødegaard,MF,35,8,10,18,7.4,9.6,24,2,0,91,344,202,411.2888888888889,22.2
58,Ben White,DF,37,4,4,8,1.2,3.8,25,8,0,44,192,162,229.61111111111111,11.1
59,Bukayo Saka,FW,35,16,9,25,15.5,10.5,21,4,0,155,126,508,539.3888888888889,32.75
60,Gabriel Magalhães,DF,36,4,0,4,4.3,0.7,25,4,0,13,117,8,94.7,12.65
61,David Raya,GK,32,0,0,0,0.0,0.0,27,2,0,0,2,0,-0.6444444444444444,6.0
62,Kai Havertz,MF,37,13,7,20,12.3,4.4,24,11,0,55,99,191,276.9111111111111,24.5
63,Gabriel Martinelli,FW,35,6,4,10,6.8,6.1,22,1,0,127,65,345,329.5888888888889,21.85
64,Oleksandr Zinchenko,DF,27,1,2,3,0.6,2.5,26,2,0,40,229,58,176.5,9.85
65,Leandro Trossard,FW,34,12,1,13,7.9,2.8,28,2,0,66,76,155,228.47777777777776,21.299999999999997
66,Gabriel Jesus,FW,27,4,5,9,6.3,3.8,26,6,0,38,42,155,163.2,20.2
67,Jakub Kiwior,DF,20,1,3,4,0.8,0.9,23,1,0,4,55,16,53.22222222222222,9.25
68,Takehiro Tomiyasu,DF,22,2,1,3,1.5,0.4,24,2,1,17,72,37,74.64444444444445,9.7
69,Eddie Nketiah,FW,27,5,2,7,4.5,0.8,24,3,0,22,20,77,97.6,16.9
70,Jorginho,MF,24,0,2,2,0.1,1.4,31,1,0,8,101,8,65.26666666666667,10.799999999999999
71,Thomas Partey,MF,14,0,0,0,0.4,0.3,30,3,0,15,72,10,46.75555555555555,10.55
72,Aaron Ramsdale,GK,6,0,0,0,0.0,0.0,25,0,0,0,2,0,1.0666666666666667,6.0
73,Emile Smith Rowe,MF,13,0,1,1,2.0,0.2,23,0,0,11,23,18,33.34444444444445,12.1
74,Fabio Vieira,MF,11,1,2,3,1.3,1.6,23,0,1,12,15,30,40.82222222222222,12.100000000000001
75,Reiss Nelson,FW,15,0,0,0,0.2,0.6,23,1,0,9,5,26,20.166666666666668,12.5
76,Jurriën Timber,DF,2,0,0,0,0.0,0.0,22,2,0,0,8,5,4.522222222222222,8.0
77,Cédric Soares,DF,3,0,0,0,0.0,0.0,31,0,0,0,3,6,4.433333333333334,8.0
78,Mohamed Elneny,MF,3,0,0,0,0.1,0.0,31,0,0,1,1,0,1.1333333333333333,10.1
79,Ethan Nwaneri,FW,1,0,0,0,0.0,0.0,16,0,0,2,2,1,2.511111111111111,12.0
80,Conor Gallagher,MF,37,5,7,12,4.2,5.0,23,9,1,62,172,122,225.8111111111111,16.7
81,Moisés Caicedo,MF,35,1,3,4,0.4,2.6,21,11,0,27,173,27,120.28888888888889,11.700000000000001
82,Nicolas Jackson,FW,35,14,5,19,18.6,4.3,22,10,0,70,67,200,285.3888888888889,32.75
83,Cole Palmer,FW,33,22,11,33,18.2,11.1,21,7,0,117,197,195,438.3666666666667,35.75
84,Axel Disasi,DF,31,2,0,2,2.4,0.3,25,6,0,30,112,21,90.94444444444444,10.55
85,Thiago Silva,DF,31,3,1,4,0.8,1.0,38,4,0,2,102,5,70.64444444444445,9.3
86,Enzo Fernández,MF,28,3,2,5,6.2,3.4,22,7,0,52,210,54,188.11111111111111,17.9
87,Đorđe Petrović,GK,23,0,0,0,0.0,0.0,23,2,0,0,1,0,-1.2444444444444445,6.0
88,Raheem Sterling,FW,31,8,4,12,6.5,4.5,28,7,0,120,78,242,282.84444444444443,20.75
89,Levi Colwill,DF,23,1,1,2,1.3,1.2,20,2,0,23,73,27,71.55555555555556,9.9
90,Marc Cucurella,DF,21,0,2,2,1.1,1.1,25,10,0,31,50,73,76.53333333333333,9.65
91,Malo Gusto,DF,27,0,6,6,0.9,4.3,20,7,1,78,86,135,163.9,11.05
92,Mykhailo Mudryk,FW,31,5,2,7,4.4,4.1,22,5,0,92,45,139,177.24444444444444,18.45
93,Robert Sánchez,GK,16,0,0,0,0.0,0.0,25,2,0,0,1,0,-1.3222222222222222,6.0
94,Benoît Badiashile,DF,18,0,1,1,0.3,1.5,22,3,0,3,46,3,28.3,9.05
95,Noni Madueke,FW,23,5,2,7,2.5,2.6,21,2,0,76,52,136,168.85555555555555,15.8
96,Trevoh Chalobah,DF,13,1,0,1,0.2,0.1,24,1,0,5,31,9,27.144444444444446,8.25
97,Ben Chilwell,DF,13,0,1,1,1.2,2.2,26,5,0,22,25,59,55.74444444444445,10.299999999999999
98,Armando Broja,FW,13,1,0,1,2.4,0.2,21,0,0,11,6,37,37.144444444444446,14.5
99,Reece James,DF,10,0,2,2,0.3,1.7,23,2,2,19,21,35,37.91111111111111,9.15
100,Lesley Ugochukwu,MF,12,0,0,0,0.0,0.1,19,2,0,8,17,3,12.233333333333334,10.05
101,Christopher Nkunku,FW,11,3,0,3,2.3,0.2,25,0,0,10,19,35,51.922222222222224,14.4
102,Carney Chukwuemeka,MF,9,1,1,2,0.2,0.3,19,2,0,4,12,19,24.3,10.35
103,Alfie Gilchrist,DF,11,1,0,1,0.3,0.0,19,1,0,1,7,4,10.722222222222221,8.3
104,Ian Maatsen,FW,12,0,0,0,0.8,0.1,21,1,0,9,8,15,16.833333333333336,12.850000000000001
105,Cesare Casadei,FW,11,0,0,0,0.0,0.1,20,0,0,1,3,3,3.7222222222222223,12.05
106,Roméo Lavia,MF,1,0,0,0,0.0,0.0,19,0,0,0,1,0,0.5111111111111111,10.0
107,Deivid Washington,DF,2,0,0,0,0.5,0.0,18,0,0,0,0,1,1.5222222222222221,8.5
108,Mason Burstow,FW,2,0,0,0,0.0,0.0,19,0,0,0,0,1,0.5222222222222223,12.0
109,Joshua Acheampong,DF,1,0,0,0,0.0,0.0,17,0,0,0,0,0,0.011111111111111112,8.0
110,Alex Matos,MF,1,0,0,0,0.0,0.0,18,0,0,0,0,0,0.011111111111111112,10.0
111,Jimi Tauriainen,FW,1,0,0,0,0.0,0.0,19,0,0,0,0,0,0.011111111111111112,12.0
112,Bruno Guimarães,MF,37,7,8,15,4.8,6.4,25,9,0,65,283,73,276.9111111111111,18.0
113,Fabian Schär,DF,36,4,1,5,2.5,0.7,31,5,0,28,133,20,114.5,10.85
114,Anthony Gordon,FW,35,11,10,21,10.2,8.0,22,12,1,138,101,232,334.2888888888889,26.2
115,Dan Burn,DF,33,2,2,4,3.1,1.1,31,4,0,14,75,25,76.56666666666666,11.65
116,Sean Longstaff,MF,35,6,2,8,6.6,2.3,25,7,0,24,145,116,187.38888888888889,17.75
117,Alexander Isak,FW,30,21,2,23,20.3,3.7,23,1,0,68,71,129,288.6333333333333,34.15
118,Kieran Trippier,DF,28,1,10,11,0.7,7.5,32,5,0,34,157,128,198.51111111111112,12.45
119,Miguel Almirón,FW,33,3,1,4,4.5,2.6,29,2,0,78,78,162,186.96666666666667,17.8
120,Martin Dúbravka,GK,23,0,0,0,0.0,0.1,34,1,0,0,0,0,-1.0444444444444445,6.05
121,Sven Botman,DF,17,2,2,4,0.6,1.0,23,2,0,0,35,5,36.388888888888886,9.1
122,Nick Pope,GK,15,0,0,0,0.0,0.0,31,1,0,0,0,0,-0.9333333333333333,6.0
123,Joelinton,MF,20,2,1,3,3.1,2.8,26,6,0,29,56,60,88.72222222222223,14.5
124,Lewis Miley,MF,17,1,3,4,1.2,1.7,17,1,0,14,53,54,77.78888888888889,12.049999999999999
125,Jacob Murphy,FW,21,3,7,10,2.1,5.0,28,1,0,33,52,113,143.43333333333334,16.6
126,Jamaal Lascelles,DF,16,1,0,1,0.7,0.1,29,4,0,8,31,3,23.677777777777777,8.75
127,Valentino Livramento,DF,26,1,0,1,0.4,0.8,20,1,0,44,61,76,96.38888888888889,8.8
128,Elliot Anderson,MF,21,0,2,2,1.5,1.9,20,3,0,37,57,70,90.13333333333333,12.45
129,Callum Wilson,FW,20,9,1,10,8.8,0.6,31,3,0,11,9,77,111.82222222222222,21.1
130,Emil Krafth,DF,17,0,0,0,0.2,1.0,28,2,0,12,29,33,36.58888888888889,8.7
131,Lewis Hall,DF,18,1,0,1,0.3,0.3,18,2,0,19,46,27,50.1,8.450000000000001
132,Harvey Barnes,FW,21,5,3,8,3.6,3.2,25,2,0,45,34,79,121.63333333333334,17.2
133,Sandro Tonali,MF,8,1,0,1,0.7,0.6,23,2,0,11,19,21,30.58888888888889,11.0
134,Joe Willock,MF,9,1,0,1,0.8,0.6,23,0,0,16,17,26,36.8,11.100000000000001
135,Loris Karius,GK,1,0,0,0,0.0,0.0,30,0,0,0,0,0,0.011111111111111112,6.0
136,Matt Targett,DF,3,0,0,0,0.0,0.0,27,1,0,1,2,0,0.5333333333333333,8.0
137,Matt Ritchie,FW,13,1,0,1,1.0,0.0,33,1,0,5,8,13,18.844444444444445,13.0
138,Ben Parkinson,FW,1,0,0,0,0.0,0.0,18,0,0,0,0,0,0.011111111111111112,12.0
139,Paul Dummett,DF,5,0,0,0,0.0,0.0,31,0,0,1,1,0,0.9555555555555555,8.0
140,Alex Murphy,DF,2,0,0,0,0.0,0.0,19,0,0,0,1,0,0.5222222222222223,8.0
141,Joe White,MF,4,0,0,0,0.0,0.0,20,1,0,2,3,3,3.0444444444444443,10.0
142,Amadou Diallo,MF,1,0,0,0,0.0,0.0,20,0,0,0,0,0,0.011111111111111112,10.0
143,Michael Ndiweni,FW,1,0,0,0,0.0,0.0,19,0,0,0,0,0,0.011111111111111112,12.0
144,Guglielmo Vicario,GK,38,0,0,0,0.0,0.0,26,2,0,0,3,0,-0.07777777777777772,6.0
145,Pedro Porro,DF,35,3,7,10,2.9,7.2,23,3,0,57,194,158,250.88888888888889,14.5
146,Son Heung-min,FW,35,17,10,27,12.0,11.8,31,1,0,119,139,325,441.5888888888889,29.9
147,Cristian Romero,DF,33,5,0,5,3.5,0.4,25,7,1,32,179,8,132.26666666666665,11.7
148,Dejan Kulusevski,FW,36,8,3,11,4.7,7.7,23,7,0,151,144,388,401.0,20.55
149,Destiny Udogie,DF,28,2,3,5,2.4,2.2,20,7,1,83,155,138,204.3111111111111,11.5
150,Micky van de Ven,DF,27,3,0,3,0.6,0.0,22,5,0,19,108,9,79.5,8.6
151,Pape Matar Sarr,MF,34,3,3,6,3.4,2.2,20,9,0,43,150,90,165.8777777777778,14.5
152,James Maddison,MF,28,4,9,13,6.4,5.9,26,5,0,58,224,156,280.0111111111111,19.349999999999998
153,Yves Bissouma,MF,28,0,0,0,1.4,0.4,26,10,2,43,169,13,100.0111111111111,11.6
154,Brennan Johnson,FW,32,5,10,15,10.3,8.1,22,3,0,97,72,293,312.05555555555554,26.35
155,Richarlison,FW,28,11,4,15,9.6,2.1,26,3,0,26,38,106,170.61111111111111,22.650000000000002
156,Rodrigo Bentancur,MF,23,1,1,2,1.9,0.5,26,7,0,16,72,31,65.05555555555556,12.15
157,Ben Davies,DF,17,1,0,1,2.3,0.4,30,2,0,13,71,20,60.18888888888889,10.5
158,Emerson,DF,22,1,0,1,0.2,0.4,24,4,0,21,57,35,58.544444444444444,8.399999999999999
159,Timo Werner,FW,13,2,3,5,3.7,2.7,27,1,0,79,41,124,150.24444444444444,17.05
160,Pierre Højbjerg,MF,36,0,0,0,0.7,1.2,27,4,0,17,134,29,89.0,11.299999999999999
161,Oliver Skipp,MF,21,0,0,0,0.7,0.6,22,3,0,8,37,25,34.233333333333334,11.0
162,Giovani Lo Celso,MF,22,2,2,4,0.6,1.9,27,2,0,25,68,29,78.34444444444443,11.549999999999999
163,Radu Drăgușin,DF,9,0,0,0,0.1,0.0,21,1,0,5,8,1,6.3,8.1
164,Bryan Gil,FW,11,0,0,0,0.8,0.2,22,0,0,11,16,49,39.922222222222224,12.9
165,Manor Solomon,FW,5,0,2,2,0.4,0.8,24,1,0,17,11,44,42.65555555555555,12.8
166,Eric Dier,DF,4,0,0,0,0.0,0.0,29,0,0,0,3,0,1.5444444444444445,8.0
167,Ivan Perišić,FW,5,0,1,1,0.1,0.9,34,2,0,15,9,17,22.255555555555556,12.549999999999999
168,Davinson Sánchez,DF,1,0,0,0,0.1,0.0,27,1,0,0,2,0,0.21111111111111114,8.1
169,Alejo Véliz,FW,8,1,0,1,0.2,0.0,19,1,0,0,1,3,6.488888888888889,12.2
170,Dane Scarlett,FW,4,0,0,0,0.0,0.0,19,0,0,0,1,4,2.5444444444444443,12.0
171,Mikey Moore,MF,2,0,0,0,0.0,0.0,15,0,0,2,1,2,2.522222222222222,10.0
172,Jamie Donley,FW,3,0,0,0,0.0,0.0,18,1,0,0,0,0,-0.9666666666666667,12.0
173,André Onana,GK,38,0,0,0,0.0,0.1,27,5,0,1,5,0,-1.4777777777777779,6.05
174,Diogo Dalot,DF,36,2,3,5,1.7,2.9,24,6,1,52,124,111,160.2,11.149999999999999
175,Bruno Fernandes,MF,35,10,8,18,10.0,11.8,28,9,0,86,297,182,379.68888888888887,25.9
176,Alejandro Garnacho,FW,36,7,4,11,8.4,5.1,19,4,0,178,62,281,325.8,22.95
177,Marcus Rashford,FW,33,7,2,9,7.4,2.3,25,2,0,95,65,184,228.46666666666667,20.549999999999997
178,Rasmus Højlund,FW,30,10,2,12,7.6,1.6,20,2,0,36,33,111,161.13333333333333,20.400000000000002
179,Casemiro,MF,25,1,2,3,3.5,1.0,31,7,0,12,112,36,92.17777777777778,14.0
180,Kobbie Mainoo,MF,24,3,1,4,0.9,0.7,18,3,0,25,64,36,80.26666666666667,11.25
181,Aaron Wan-Bissaka,DF,22,0,2,2,0.1,1.5,25,4,0,30,77,54,84.44444444444444,8.85
182,Scott McTominay,MF,32,7,1,8,5.7,0.8,26,2,0,29,64,47,118.55555555555554,16.099999999999998
183,Harry Maguire,DF,22,2,2,4,2.0,1.2,30,4,0,20,73,2,64.94444444444444,10.6
184,Raphaël Varane,DF,22,1,0,1,1.3,0.1,30,2,0,16,59,2,44.44444444444444,9.350000000000001
185,Jonny Evans,DF,23,0,1,1,0.1,1.2,35,2,0,7,37,1,24.655555555555555,8.7
186,Antony,FW,29,1,1,2,3.4,2.8,23,5,0,53,64,149,145.92222222222222,16.8
187,Victor Lindelöf,DF,19,1,1,2,0.8,0.3,29,2,0,17,40,17,45.111111111111114,8.950000000000001
188,Christian Eriksen,MF,22,1,2,3,1.0,2.3,31,1,0,20,68,23,69.94444444444444,12.15
189,Luke Shaw,DF,12,0,0,0,0.0,1.0,28,6,0,10,45,30,37.63333333333333,8.5
190,Sofyan Amrabat,MF,21,0,0,0,0.1,0.3,26,6,0,6,66,10,35.733333333333334,10.25
191,Lisandro Martínez,DF,11,0,1,1,0.0,0.1,25,3,0,8,28,1,18.72222222222222,8.05
192,Mason Mount,MF,14,1,0,1,0.4,0.3,24,2,0,9,21,34,36.25555555555556,10.55
193,Anthony Martial,FW,13,1,0,1,1.2,0.2,27,0,0,6,12,36,34.74444444444445,13.299999999999999
194,Sergio Reguilón,DF,9,0,0,0,0.2,0.7,26,3,0,11,27,38,36.2,8.549999999999999
195,Amad Diallo,FW,9,1,1,2,0.5,1.1,21,1,0,11,10,31,35.2,13.05
196,Willy Kambwala,DF,8,0,0,0,0.0,0.0,18,1,0,2,8,1,4.588888888888889,8.0
197,Facundo Pellistri,FW,9,0,1,1,0.7,0.1,21,0,0,6,6,31,26.1,12.75
198,Hannibal Mejbri,MF,5,1,0,1,0.0,0.4,20,1,0,2,6,10,13.455555555555556,10.2
199,Omari Forson,FW,4,0,1,1,0.0,0.2,19,0,0,1,2,2,5.7444444444444445,12.1
200,Jadon Sancho,FW,3,0,0,0,0.0,0.1,23,0,0,10,4,5,9.633333333333333,12.05
201,Ethan Wheatley,FW,3,0,0,0,0.0,0.0,17,0,0,0,0,1,0.5333333333333333,12.0
202,Donny van de Beek,DF,1,0,0,0,0.0,0.1,26,0,0,0,0,1,0.6111111111111112,8.05
203,Daniel Gore,MF,1,0,0,0,0.0,0.0,18,0,0,0,0,0,0.011111111111111112,10.0
204,Ollie Watkins,FW,37,19,13,32,16.8,7.3,27,4,0,62,55,214,336.81111111111113,32.45
205,Ezri Konsa,DF,35,1,0,1,2.5,0.5,25,5,0,37,136,33,108.88888888888889,10.75
206,John McGinn,MF,35,6,4,10,5.0,4.6,28,9,1,59,189,84,210.98888888888888,17.3
207,Douglas Luiz,MF,35,9,5,14,6.9,5.4,25,12,0,60,168,50,206.5888888888889,19.599999999999998
208,Emiliano Martínez,GK,34,0,0,0,0.0,0.0,30,4,0,0,2,0,-2.6222222222222222,6.0
209,Pau Torres,DF,29,2,0,2,1.0,0.4,26,1,0,42,128,16,104.72222222222223,9.2
210,Lucas Digne,DF,33,1,3,4,1.1,4.1,30,7,0,42,77,200,173.16666666666666,11.149999999999999
211,Moussa Diaby,FW,38,6,8,14,7.0,6.6,24,1,0,94,72,183,248.5222222222222,22.3
212,Matty Cash,DF,29,2,2,4,4.2,2.3,25,8,0,62,88,101,144.52222222222224,13.35
213,Leon Bailey,MF,35,10,9,19,6.3,9.2,25,5,0,102,82,226,299.18888888888887,20.9
214,Diego Carlos,DF,27,0,0,0,1.9,0.1,30,4,0,4,59,1,32.2,9.950000000000001
215,Boubacar Kamara,MF,20,0,1,1,0.1,1.3,23,7,1,19,83,10,50.72222222222222,10.75
216,Youri Tielemans,MF,32,2,6,8,1.3,2.6,26,3,0,23,128,46,129.05555555555554,12.600000000000001
217,Clément Lenglet,DF,14,0,1,1,0.9,0.8,28,3,0,26,51,1,41.75555555555556,9.3
218,Álex Moreno,DF,21,2,0,2,1.1,1.1,30,2,0,32,24,83,81.03333333333333,9.65
219,Nicolò Zaniolo,FW,25,2,0,2,2.6,1.0,24,7,0,35,30,60,71.97777777777777,15.1
220,Jacob Ramsey,FW,16,1,1,2,2.2,1.0,22,2,0,33,28,69,76.57777777777778,14.7
221,Morgan Rogers,MF,11,3,1,4,1.4,0.6,21,3,0,22,28,30,58.522222222222226,11.700000000000001
222,Robin Olsen,GK,5,0,0,0,0.0,0.0,33,0,0,0,0,0,-0.2444444444444445,6.0
223,Jhon Durán,FW,23,5,0,5,2.0,0.3,19,5,0,9,9,25,46.05555555555556,14.15
224,Tim Iroegbunam,MF,9,0,0,0,0.0,0.0,20,0,0,3,1,0,2.1,10.0
225,Calum Chambers,MF,5,0,1,1,0.0,0.1,28,1,0,0,5,1,5.155555555555555,10.05
226,Leander Dendoncker,MF,8,1,0,1,0.7,0.0,28,0,0,0,3,2,8.988888888888889,10.7
227,Tyrone Mings,DF,1,0,0,0,0.0,0.0,30,0,0,0,0,0,0.011111111111111112,8.0
228,Omari Kellyman,FW,2,0,0,0,0.1,0.0,17,0,0,1,0,0,0.7222222222222222,12.1
229,Philippe Coutinho,MF,2,0,0,0,0.1,0.0,31,0,0,5,5,2,6.122222222222222,10.1
230,Bertrand Traoré,DF,2,0,0,0,0.0,0.0,27,0,0,0,0,0,0.022222222222222223,8.0
231,Cameron Archer,MF,1,0,0,0,0.0,0.0,22,1,0,1,0,0,-0.48888888888888893,10.0
232,Kaine Kesler-Hayden,MF,3,0,0,0,0.0,0.0,20,0,0,0,0,0,0.03333333333333333,10.0
233,Finley Munroe,MF,1,0,0,0,0.0,0.0,18,0,0,0,0,0,0.011111111111111112,10.0
234,Jaden Philogene Bidace,FW,1,0,0,0,0.0,0.0,21,0,0,2,0,1,1.511111111111111,12.0
235,Vladimír Coufal,DF,36,0,7,7,0.3,4.0,30,7,1,68,119,126,172.5,10.3
236,Emerson Palmieri,DF,36,1,2,3,1.5,2.4,28,10,0,59,125,124,160.8,10.7
237,Jarrod Bowen,FW,34,16,6,22,11.6,5.5,26,2,0,90,52,186,289.0777777777778,26.35
238,James Ward-Prowse,MF,37,7,7,14,6.0,7.8,28,4,0,18,144,63,184.7111111111111,19.9
239,Tomáš Souček,MF,37,7,2,9,6.7,1.7,28,7,0,7,86,39,115.51111111111112,17.55
240,Kurt Zouma,DF,33,3,0,3,1.8,0.2,28,3,0,7,53,1,46.66666666666667,9.9
241,Alphonse Areola,GK,31,0,0,0,0.0,0.0,30,1,0,0,1,0,-0.15555555555555556,6.0
242,Lucas Paquetá,FW,31,4,6,10,5.4,5.4,25,10,0,34,187,116,213.04444444444442,20.099999999999998
243,Edson Álvarez,MF,31,1,1,2,1.3,0.6,25,11,0,20,91,26,69.04444444444445,11.600000000000001
244,Mohammed Kudus,FW,33,8,6,14,5.1,3.5,22,6,0,117,80,216,272.56666666666666,18.85
245,Nayef Aguerd,DF,21,1,0,1,1.5,0.3,27,3,1,10,68,3,43.03333333333333,9.65
246,Michail Antonio,FW,26,6,2,8,5.8,0.9,33,6,0,48,22,104,129.48888888888888,18.25
247,Konstantinos Mavropanos,DF,19,1,0,1,1.2,0.2,25,2,0,10,38,2,30.81111111111111,9.299999999999999
248,Łukasz Fabiański,GK,10,0,0,0,0.0,0.0,38,0,0,0,1,0,-0.18888888888888888,6.0
249,Angelo Ogbonna,DF,11,0,0,0,0.0,0.0,35,1,0,2,4,0,1.6222222222222222,8.0
250,Saïd Benrahma,FW,13,0,1,1,1.8,1.4,27,1,0,28,28,70,70.14444444444445,14.5
251,Ben Johnson,DF,14,0,0,0,0.2,0.0,23,1,0,17,22,33,35.55555555555556,8.2
252,Aaron Cresswell,DF,11,0,0,0,0.0,0.4,33,1,0,4,26,6,17.22222222222222,8.2
253,Pablo Fornals,MF,15,0,0,0,0.3,0.3,27,0,0,4,29,27,31.066666666666666,10.450000000000001
254,Danny Ings,FW,20,1,0,1,1.3,0.3,31,1,0,7,8,29,29.022222222222222,13.450000000000001
255,Kalvin Phillips,MF,8,0,0,0,0.1,0.0,27,3,1,3,19,4,7.288888888888889,10.1
256,Maxwel Cornet,MF,7,1,0,1,0.4,0.2,26,0,0,3,2,8,12.577777777777778,10.5
257,Divin Mubama,FW,5,0,0,0,0.1,0.0,18,0,0,0,0,5,2.7555555555555555,12.1
258,George Earthy,FW,3,1,0,1,0.3,0.0,18,0,0,0,1,3,7.633333333333333,12.3
259,Thilo Kehrer,DF,4,0,0,0,0.0,0.0,26,2,0,0,1,1,-0.9555555555555555,8.0
260,Kaelan Casey,DF,1,0,0,0,0.0,0.0,18,0,0,0,0,0,0.011111111111111112,8.0
261,Joachim Andersen,DF,38,2,3,5,1.7,2.8,27,7,0,21,147,10,107.62222222222222,11.1
262,Tyrick Mitchell,DF,37,2,3,5,1.6,2.8,23,6,0,32,94,159,161.9111111111111,11.0
263,Jordan Ayew,FW,35,4,7,11,3.9,4.2,31,9,1,74,63,173,196.2888888888889,18.0
264,Jefferson Lerma,MF,28,1,1,2,2.7,2.2,28,8,0,14,106,51,93.41111111111111,13.799999999999999
265,Jean-Philippe Mateta,FW,35,16,5,21,10.9,3.1,26,3,0,29,25,135,211.7888888888889,24.45
266,Eberechi Eze,MF,27,11,4,15,9.1,5.2,25,3,0,68,93,139,237.7,21.700000000000003
267,Chris Richards,DF,26,1,1,2,0.6,0.4,23,3,0,1,43,1,29.38888888888889,8.799999999999999
268,Marc Guéhi,DF,25,0,1,1,0.6,0.6,23,2,0,15,67,7,47.577777777777776,8.9
269,Joel Ward,DF,26,0,1,1,0.9,0.2,33,4,0,16,66,14,48.98888888888889,9.0
270,Will Hughes,MF,30,0,1,1,0.3,1.1,28,6,0,14,76,17,52.53333333333333,10.850000000000001
271,Sam Johnstone,GK,20,0,0,0,0.0,0.0,30,1,0,0,0,0,-0.7777777777777778,6.0
272,Dean Henderson,GK,18,0,0,0,0.0,0.0,26,2,0,0,0,0,-1.8,6.0
273,Odsonne Édouard,FW,30,7,0,7,6.2,1.2,25,4,0,33,36,100,129.43333333333334,18.8
274,Jeffrey Schlupp,FW,29,2,2,4,1.8,2.3,30,1,0,20,33,52,73.72222222222223,14.950000000000001
275,Daniel Muñoz,DF,16,0,4,4,1.2,2.4,27,4,0,25,38,80,84.47777777777777,10.399999999999999
276,Adam Wharton,MF,16,0,3,3,0.3,2.4,19,2,0,14,79,10,61.67777777777778,11.5
277,Nathaniel Clyne,DF,19,0,0,0,0.2,0.2,32,0,0,10,33,18,31.11111111111111,8.299999999999999
278,Michael Olise,FW,19,10,6,16,5.5,5.8,21,0,0,68,78,134,225.01111111111112,20.4
279,Cheick Doucouré,MF,11,0,0,0,0.3,0.7,23,2,0,9,49,5,30.92222222222222,10.65
280,Jaïro Riedewald,MF,9,0,0,0,0.0,0.0,26,0,0,3,10,3,8.1,10.0
281,Matheus França,MF,10,0,1,1,0.4,0.9,19,1,0,12,8,12,19.81111111111111,10.85
282,Naouirou Ahamada,MF,20,0,0,0,0.5,0.0,21,4,1,19,25,20,26.22222222222222,10.5
283,David Ozoh,MF,9,0,0,0,0.0,0.0,18,1,0,2,4,3,3.6,10.0
284,Jesurun Rak Sakyi,MF,6,0,0,0,0.4,0.2,20,0,0,7,2,18,14.566666666666666,10.5
285,James Tomkins,DF,4,0,0,0,0.0,0.0,34,0,0,0,1,0,0.14444444444444443,8.0
286,Remi Matthews,GK,1,0,0,0,0.0,0.0,29,0,0,0,0,0,0.011111111111111112,6.0
287,Bernd Leno,GK,38,0,0,0,0.0,0.0,31,3,0,0,0,0,-2.677777777777778,6.0
288,Antonee Robinson,DF,37,0,6,6,0.7,4.2,25,6,0,99,129,194,229.01111111111112,10.799999999999999
289,Andreas Pereira,MF,37,3,7,10,4.6,7.1,27,6,0,56,138,125,206.2111111111111,18.15
290,João Palhinha,MF,33,4,1,5,3.3,0.8,28,13,0,8,97,14,77.26666666666667,13.700000000000001
291,Timothy Castagne,DF,34,1,3,4,1.6,1.9,27,3,0,48,77,113,135.47777777777776,10.549999999999999
292,Calvin Bassey,DF,29,1,0,1,0.3,0.0,23,6,1,15,62,4,37.422222222222224,8.3
293,Alex Iwobi,FW,30,5,2,7,5.3,4.7,27,2,0,109,147,175,260.1333333333333,19.650000000000002
294,Willian,FW,31,4,2,6,5.1,3.9,34,1,0,92,153,181,252.04444444444445,19.05
295,Tosin Adarabioyo,DF,20,2,0,2,0.7,0.1,25,2,0,10,62,5,48.22222222222222,8.75
296,Rodrigo Muniz,FW,26,9,1,10,8.7,2.0,22,1,0,8,19,76,118.1888888888889,21.7
297,Raúl Jiménez,FW,24,7,0,7,5.2,1.5,32,3,1,11,24,87,101.96666666666667,17.95
298,Tim Ream,DF,18,1,0,1,1.0,0.0,35,4,1,11,65,3,39.2,9.0
299,Bobby Reid,FW,33,6,2,8,4.6,1.8,30,4,0,35,47,95,131.86666666666667,17.5
300,Harry Wilson,FW,35,4,6,10,3.4,3.5,26,6,0,41,60,130,158.18888888888887,17.15
301,Issa Diop,DF,18,0,0,0,0.3,0.0,26,4,1,11,66,1,32.8,8.3
302,Harrison Reed,MF,27,0,2,2,0.3,1.1,28,6,0,10,56,40,55.0,10.850000000000001
303,Tom Cairney,MF,34,1,4,5,1.1,2.3,32,3,0,35,145,72,144.67777777777778,12.25
304,Saša Lukić,MF,24,1,0,1,1.6,0.8,26,3,0,12,43,27,47.266666666666666,12.0
305,Kenny Tete,DF,14,1,0,1,0.9,0.4,27,2,0,20,54,38,61.355555555555554,9.1
306,Carlos Vinícius,FW,13,2,0,2,1.6,0.8,28,2,0,3,3,13,21.644444444444446,14.0
307,Adama Traoré,FW,17,2,3,5,1.5,0.7,27,2,0,29,16,48,67.38888888888889,13.85
308,Armando Broja,FW,8,0,1,1,0.0,0.4,21,0,0,2,2,7,8.988888888888889,12.2
309,Luke Harris,MF,1,0,0,0,0.3,0.0,18,0,0,0,1,0,1.1111111111111112,10.3
310,Fodé Ballo-Touré,DF,6,0,0,0,0.0,0.0,26,1,0,5,0,4,3.5666666666666664,8.0
311,Aleksandar Mitrović,FW,1,0,0,0,0.2,0.0,28,0,0,0,1,0,0.9111111111111112,12.2
312,Jordan Pickford,GK,38,0,0,0,0.0,0.1,29,5,0,1,6,0,-0.9777777777777779,6.05
313,James Tarkowski,DF,38,1,1,2,2.6,2.5,30,11,0,15,130,20,87.62222222222222,11.85
314,Jarrad Branthwaite,DF,35,3,0,3,1.7,1.0,21,8,0,2,74,6,52.78888888888889,10.2
315,James Garner,MF,37,1,2,3,2.7,4.6,22,7,0,36,100,76,120.41111111111111,15.0
316,Dwight McNeil,MF,35,3,6,9,3.4,8.8,23,2,0,80,114,147,217.48888888888888,17.8
317,Abdoulaye Doucouré,FW,32,7,1,8,8.8,2.9,30,7,0,55,97,140,197.85555555555555,22.25
318,Vitaliy Mykolenko,DF,28,2,0,2,1.5,0.9,24,1,0,14,55,68,81.71111111111111,9.95
319,Ashley Young,DF,31,0,0,0,0.6,1.5,38,7,1,40,82,61,83.74444444444444,9.35
320,Dominic Calvert-Lewin,FW,32,7,2,9,12.9,3.1,26,2,0,36,31,122,162.75555555555553,26.45
321,Jack Harrison,MF,29,3,3,6,3.6,3.4,26,1,0,65,62,135,164.92222222222222,15.299999999999999
322,Idrissa Gana Gueye,MF,25,4,0,4,1.3,1.1,33,8,0,29,83,41,92.17777777777778,11.850000000000001
323,Amadou Onana,MF,30,2,0,2,2.0,2.7,21,5,0,21,107,39,95.53333333333333,13.35
324,Ben Godfrey,DF,15,0,0,0,1.7,0.3,25,2,0,11,43,26,41.86666666666667,9.85
325,Nathan Patterson,DF,20,0,2,2,0.3,1.7,21,4,0,17,38,39,51.52222222222222,9.15
326,Beto,FW,30,3,0,3,6.8,0.9,25,2,0,14,14,58,70.83333333333333,19.25
327,Séamus Coleman,DF,12,0,0,0,0.0,1.0,34,0,0,5,22,16,22.233333333333334,8.5
328,Arnaut Danjuma,MF,14,1,0,1,2.6,1.1,26,0,0,24,9,44,49.955555555555556,13.15
329,Michael Keane,DF,9,1,0,1,0.7,0.0,30,2,0,4,14,3,15.0,8.7
330,André Gomes,MF,12,1,0,1,0.3,0.4,30,4,0,8,36,29,38.63333333333333,10.5
331,Alex Iwobi,MF,2,0,0,0,0.3,0.2,27,0,0,6,4,8,9.822222222222223,10.4
332,Lewis Dobbin,MF,12,1,0,1,0.3,0.5,20,1,0,6,3,20,19.733333333333334,10.55
333,Youssef Chermiti,FW,18,0,0,0,0.7,0.8,19,3,0,5,5,15,11.9,13.1
334,Neal Maupay,FW,2,0,0,0,1.4,0.1,26,0,0,1,0,6,6.4222222222222225,13.450000000000001
335,Thomas Cannon,FW,1,0,0,0,0.0,0.0,20,0,0,0,0,0,0.011111111111111112,12.0
336,Tyler Onyango,MF,1,0,0,0,0.0,0.0,20,0,0,0,0,0,0.011111111111111112,10.0
337,Lewis Warrington,FW,1,0,0,0,0.0,0.0,20,0,0,0,0,0,0.011111111111111112,12.0
338,Pascal Groß,MF,36,4,10,14,6.5,8.1,32,6,0,83,302,180,347.8,20.55
339,Lewis Dunk,DF,33,3,1,4,3.1,0.9,31,7,1,33,152,13,114.36666666666666,11.549999999999999
340,Jan Paul van Hecke,DF,28,0,0,0,1.2,0.9,23,4,0,25,147,7,89.11111111111111,9.649999999999999
341,Simon Adingra,FW,31,6,1,7,4.3,3.7,21,3,0,111,50,278,262.14444444444445,18.150000000000002
342,Billy Gilmour,MF,30,0,1,1,1.0,2.0,22,8,1,39,193,33,128.83333333333331,12.0
343,Bart Verbruggen,GK,21,0,0,0,0.0,0.0,20,3,0,0,3,0,-1.2666666666666666,6.0
344,Danny Welbeck,FW,29,5,1,6,5.3,1.7,32,4,0,32,44,100,124.42222222222222,18.150000000000002
345,João Pedro,FW,31,9,3,12,11.9,3.8,21,2,0,83,92,205,269.94444444444446,25.799999999999997
346,Igor,DF,24,0,0,0,0.3,0.7,25,4,0,30,107,12,72.06666666666666,8.65
347,Joël Veltman,DF,27,1,1,2,0.4,0.5,31,4,0,24,85,54,87.0,8.65
348,Jason Steele,GK,17,0,0,0,0.0,0.0,32,0,0,0,0,0,-0.011111111111111127,6.0
349,Facundo Buonanotte,FW,27,3,1,4,2.4,1.8,18,7,0,23,42,69,84.9,15.3
350,Kaoru Mitoma,FW,19,3,4,7,3.5,2.7,26,4,0,121,64,239,244.9111111111111,16.85
351,Evan Ferguson,FW,27,6,0,6,4.6,0.5,18,1,0,13,15,62,84.0,16.85
352,Carlos Baleba,MF,27,0,0,0,0.8,0.3,19,7,0,19,50,9,34.2,10.950000000000001
353,Pervis Estupiñán,DF,19,2,3,5,1.0,3.5,25,4,0,47,83,88,129.7111111111111,10.75
354,Adam Webster,DF,15,0,0,0,0.4,0.1,28,2,0,16,80,2,48.06666666666666,8.450000000000001
355,Adam Lallana,MF,25,0,1,1,0.8,1.7,35,2,0,9,39,55,55.577777777777776,11.65
356,James Milner,DF,15,0,2,2,0.3,1.8,37,3,0,11,69,73,81.36666666666667,9.200000000000001
357,Tariq Lamptey,DF,19,0,3,3,0.4,1.2,22,3,0,39,17,64,68.21111111111111,9.0
358,Jack Hinshelwood,DF,12,3,0,3,1.9,0.7,18,1,0,16,19,38,55.13333333333333,10.25
359,Solly March,FW,7,3,1,4,2.0,1.0,29,1,0,14,24,44,63.07777777777778,14.5
360,Jakub Moder,MF,17,0,0,0,0.6,0.8,24,2,0,10,23,26,29.68888888888889,11.0
361,Mahmoud Dahoud,MF,9,0,1,1,0.2,0.9,27,1,1,4,11,6,10.899999999999999,10.649999999999999
362,Julio Enciso,MF,12,0,2,2,1.4,1.7,19,2,0,28,21,29,47.63333333333333,12.25
363,Ansu Fati,MF,19,2,0,2,3.4,0.8,20,2,0,16,28,50,62.81111111111112,13.8
364,Valentín Barco,DF,6,0,0,0,0.2,0.2,19,1,0,8,14,20,20.666666666666668,8.299999999999999
365,Odeluga Offiah,DF,4,0,0,0,0.0,0.0,20,0,0,9,4,9,11.044444444444444,8.0
366,Mark O'Mahony,FW,3,0,0,0,0.1,0.0,18,1,0,0,0,0,-0.7666666666666666,12.1
367,Benicio Boaitey,FW,5,0,0,0,0.0,0.1,19,1,0,1,2,2,1.6555555555555554,12.05
368,Illia Zabarnyi,DF,37,1,0,1,1.1,0.4,20,5,0,24,109,1,70.0111111111111,9.299999999999999
369,Dominic Solanke,FW,38,19,3,22,19.6,3.0,25,3,0,52,60,184,291.6222222222222,33.1
370,Ryan Christie,MF,37,0,5,5,2.3,5.4,28,6,0,60,167,78,171.9111111111111,15.0
371,Neto,GK,32,0,0,0,0.0,0.0,34,5,0,0,0,0,-5.044444444444444,6.0
372,Lewis Cook,MF,33,0,3,3,0.4,4.3,26,5,1,22,142,15,95.96666666666667,12.55
373,Marcos Senesi,DF,31,4,5,9,2.0,1.7,26,13,0,31,127,4,109.04444444444445,10.85
374,Justin Kluivert,MF,32,7,1,8,6.2,1.9,24,5,0,65,50,114,162.15555555555557,17.15
375,Adam Smith,DF,28,0,2,2,0.1,1.3,32,6,0,24,89,28,72.11111111111111,8.75
376,Marcus Tavernier,FW,30,3,4,7,3.9,5.2,24,3,0,79,84,171,204.33333333333334,18.5
377,Antoine Semenyo,FW,33,8,2,10,4.6,3.2,23,6,0,89,64,188,223.26666666666668,18.200000000000003
378,Milos Kerkez,DF,28,0,1,1,1.2,0.8,19,4,1,46,44,93,91.01111111111112,9.6
379,Lloyd Kelly,DF,23,0,1,1,0.3,1.2,24,2,0,15,56,28,52.55555555555556,8.9
380,Philip Billing,MF,29,2,2,4,2.5,3.2,27,3,1,22,53,63,87.52222222222223,14.1
381,Max Aarons,DF,20,0,1,1,0.0,0.8,23,1,0,22,43,26,48.522222222222226,8.4
382,Dango Ouattara,FW,30,1,2,3,2.6,1.5,21,3,0,47,35,90,101.03333333333333,15.35
383,Alex Scott,MF,23,1,1,2,0.7,1.7,19,3,0,24,50,35,62.855555555555554,11.549999999999999
384,Luis Sinisterra,FW,20,2,2,4,2.5,2.4,24,0,0,51,38,85,110.62222222222222,15.7
385,Chris Mepham,DF,10,0,1,1,0.1,0.4,25,2,0,4,25,1,16.711111111111112,8.299999999999999
386,Mark Travers,GK,4,0,0,0,0.0,0.0,24,0,0,0,0,0,0.044444444444444446,6.0
387,Joe Rothwell,MF,11,0,0,0,0.1,0.2,28,0,0,6,20,3,15.022222222222222,10.2
388,Enes Ünal,FW,16,2,2,4,2.9,1.0,26,1,0,4,7,28,41.477777777777774,15.4
389,David Brooks,FW,13,1,1,2,2.2,1.0,26,1,0,8,21,27,40.544444444444444,14.7
390,Ionuț Radu,GK,2,0,0,0,0.0,0.0,26,0,0,0,0,0,0.022222222222222223,6.0
391,Jaidon Anthony,FW,3,0,0,0,0.1,0.0,23,1,0,2,8,9,8.733333333333334,12.1
392,Tyler Adams,MF,3,0,0,0,0.0,0.1,24,0,0,4,5,1,5.133333333333333,10.05
393,James Hill,DF,5,0,0,0,0.0,0.0,21,0,0,0,5,1,3.0555555555555554,8.0
394,Kieffer Moore,FW,8,1,0,1,1.5,0.2,30,0,0,2,4,15,18.788888888888888,13.6
395,Hamed Junior Traorè,MF,3,0,0,0,0.2,0.0,23,0,0,2,3,4,4.933333333333334,10.2
396,Romain Faivre,MF,5,0,0,0,0.2,0.0,25,1,0,4,5,4,5.955555555555556,10.2
397,Dominic Sadi,FW,1,0,0,0,0.0,0.0,19,0,0,0,0,0,0.011111111111111112,12.0
398,Max Kilman,DF,38,2,0,2,1.8,1.4,26,7,0,22,117,5,80.42222222222222,10.5
399,Nélson Semedo,DF,36,0,1,1,1.3,1.7,29,10,1,103,138,150,190.2,10.15
400,José Sá,GK,35,0,1,1,0.0,0.0,30,1,0,0,1,0,2.888888888888889,6.0
401,Mario Lemina,MF,35,4,1,5,4.6,1.5,29,12,1,32,76,49,97.58888888888889,15.35
402,João Gomes,MF,34,2,1,3,1.7,1.1,22,11,0,28,101,44,93.37777777777778,12.25
403,Toti Gomes,DF,35,1,3,4,1.6,1.2,24,7,0,22,79,11,67.78888888888889,10.2
404,Matheus Cunha,FW,32,12,7,19,9.5,3.2,24,9,0,107,87,139,261.05555555555554,23.1
405,Rayan Aït-Nouri,DF,33,2,1,3,3.3,2.4,22,7,0,67,99,99,147.86666666666667,12.5
406,Craig Dawson,DF,25,1,1,2,1.5,1.4,33,7,0,1,49,4,32.37777777777778,10.2
407,Hwang Hee-chan,FW,29,12,3,15,7.7,3.0,27,6,0,37,37,120,178.72222222222223,21.2
408,Pablo Sarabia,MF,30,4,7,11,5.5,5.9,31,5,0,41,109,137,196.63333333333333,18.45
409,Pedro Neto,FW,20,2,9,11,3.5,4.4,23,4,0,98,54,149,195.1222222222222,17.7
410,Tommy Doyle,MF,26,0,0,0,0.4,0.4,21,2,0,21,81,17,58.98888888888889,10.6
411,Jean-Ricner Bellegarde,MF,22,2,1,3,1.6,1.0,25,0,1,30,39,49,73.44444444444444,12.1
412,Matt Doherty,DF,30,1,0,1,0.8,1.3,31,2,0,12,31,64,59.63333333333333,9.450000000000001
413,Santiago Bueno,DF,12,0,0,0,0.0,0.1,24,1,0,3,11,2,7.233333333333333,8.05
414,Boubacar Traoré,MF,24,0,0,0,0.3,0.4,21,4,0,9,29,15,23.766666666666666,10.5
415,Hugo Bueno,DF,22,0,0,0,0.3,0.8,20,1,0,22,8,40,35.644444444444446,8.700000000000001
416,Daniel Bentley,GK,5,0,0,0,0.0,0.0,30,0,0,0,0,0,0.05555555555555555,6.0
417,Fábio Silva,FW,8,0,0,0,1.0,0.2,21,2,0,5,10,13,14.28888888888889,13.1
418,Matheus Nunes,MF,2,0,0,0,0.1,0.1,24,2,1,7,8,9,7.322222222222222,10.15
419,Leon Chiwome,FW,3,0,0,0,0.1,0.0,17,0,0,1,2,7,5.233333333333333,12.1
420,Nathan Fraser,FW,7,0,0,0,0.3,0.1,18,1,0,1,2,21,11.777777777777779,12.350000000000001
421,Sasa Kalajdzic,FW,11,2,0,2,1.1,1.0,26,0,0,1,5,9,20.822222222222223,13.6
422,Tawanda Chirewa,MF,8,0,0,0,0.2,0.0,19,1,0,1,7,8,7.488888888888889,10.2
423,Jonny Castro,MF,1,0,0,0,0.0,0.0,29,0,0,0,0,0,0.011111111111111112,10.0
424,Enso Gonzalez,MF,1,0,0,0,0.0,0.0,18,0,0,0,0,2,1.011111111111111,10.0
425,Mark Flekken,GK,37,0,1,1,0.0,0.5,30,3,0,0,5,0,3.411111111111111,6.25
426,Vitaly Janelt,MF,38,1,3,4,1.8,4.8,25,8,0,25,123,81,129.32222222222222,14.200000000000001
427,Christian Nørgaard,MF,31,2,1,3,3.5,1.9,29,8,0,15,161,42,123.24444444444444,14.45
428,Nathan Collins,DF,32,1,1,2,1.7,2.2,22,3,0,11,97,18,73.95555555555555,10.799999999999999
429,Yoane Wissa,FW,34,12,3,15,10.6,3.9,26,7,0,45,48,150,208.9777777777778,24.55
430,Ethan Pinnock,DF,29,2,0,2,2.0,1.0,30,1,0,11,61,16,58.32222222222222,10.5
431,Mathias Jensen,MF,32,3,3,6,0.7,4.0,27,5,0,19,123,66,128.75555555555556,12.7
432,Mads Roerslev,DF,34,1,2,3,0.9,1.8,24,1,0,18,43,90,89.47777777777779,9.8
433,Bryan Mbeumo,FW,25,9,6,15,9.8,4.6,23,2,0,74,88,195,263.97777777777776,24.1
434,Kristoffer Ajer,DF,28,2,1,3,1.3,2.3,25,5,0,22,61,31,70.21111111111111,10.450000000000001
435,Ivan Toney,FW,17,4,2,6,6.0,1.5,27,5,0,23,40,98,115.1888888888889,18.75
436,Keane Lewis-Potter,FW,30,3,1,4,6.3,1.7,22,0,0,56,32,135,144.13333333333333,19.150000000000002
437,Ben Mee,DF,16,2,0,2,1.5,0.3,33,1,1,11,49,9,43.67777777777778,9.65
438,Sergio Reguilón,DF,16,0,4,4,0.8,2.8,26,4,1,34,38,40,65.57777777777778,10.200000000000001
439,Neal Maupay,FW,29,6,3,9,5.7,2.3,26,8,0,21,37,91,119.52222222222221,18.849999999999998
440,Mathias Jørgensen,DF,14,1,0,1,0.7,0.9,33,4,0,5,50,4,32.65555555555556,9.149999999999999
441,Frank Onyeka,MF,26,1,2,3,2.2,1.8,25,8,0,17,33,39,53.98888888888889,13.1
442,Aaron Hickey,DF,9,0,0,0,0.2,0.1,21,5,0,9,21,13,17.1,8.25
443,Mikkel Damsgaard,MF,23,0,2,2,0.9,1.4,23,2,0,16,61,32,61.955555555555556,11.6
444,Saman Ghoddos,DF,19,1,0,1,0.3,1.1,29,5,0,22,36,31,46.41111111111111,8.850000000000001
445,Yehor Yarmoliuk,MF,27,0,0,0,1.0,0.1,19,2,0,13,35,36,42.4,11.05
446,Rico Henry,DF,5,0,1,1,0.1,1.0,26,1,0,13,20,12,25.755555555555556,8.6
447,Kevin Schade,FW,11,2,1,3,1.2,0.7,21,0,0,8,9,23,36.22222222222223,13.549999999999999
448,Shandon Baptiste,MF,10,1,1,2,0.9,0.2,25,1,0,3,5,1,13.61111111111111,11.0
449,Thomas Strakosha,GK,2,0,0,0,0.0,0.0,28,0,0,0,0,0,0.022222222222222223,6.0
450,Michael Olakigbe,DF,8,0,0,0,0.1,0.0,19,0,0,10,4,17,15.788888888888888,8.1
451,Josh Dasilva,DF,3,0,0,0,0.0,0.2,24,0,0,2,2,5,4.733333333333333,8.1
452,Myles Peart-Harris,DF,3,0,0,0,0.0,0.0,20,0,0,2,1,1,2.033333333333333,8.0
453,Morgan Gibbs-White,MF,37,5,10,15,6.9,8.4,23,9,0,80,170,181,284.1111111111111,21.099999999999998
454,Murillo,DF,32,0,2,2,1.8,1.2,21,5,0,22,89,7,65.15555555555555,10.4
455,Anthony Elanga,FW,36,5,9,14,6.6,6.7,21,1,0,98,49,196,242.8,21.950000000000003
456,Ryan Yates,MF,35,1,1,2,2.6,0.8,25,6,0,18,73,37,72.38888888888889,13.0
457,Callum Hudson-Odoi,FW,29,8,1,9,2.7,2.8,22,0,0,111,58,171,221.5222222222222,16.099999999999998
458,Chris Wood,FW,31,14,1,15,11.9,2.1,31,0,0,16,30,76,160.14444444444445,24.95
459,Danilo,MF,29,2,2,4,1.8,1.5,22,4,0,22,83,28,83.92222222222222,12.55
460,Ola Aina,DF,22,1,1,2,0.3,0.9,26,3,0,53,68,38,86.24444444444444,8.75
461,Orel Mangala,MF,20,1,0,1,0.8,0.2,25,6,0,13,45,14,37.022222222222226,10.9
462,Nicolás Domínguez,MF,26,2,2,4,1.3,1.0,25,4,0,14,91,43,89.88888888888889,11.8
463,Neco Williams,DF,26,0,1,1,0.8,1.6,22,4,0,48,47,86,92.98888888888888,9.600000000000001
464,Willy Boly,DF,20,2,1,3,1.5,1.3,32,3,1,4,32,3,30.822222222222223,10.15
465,Matt Turner,GK,17,0,0,0,0.0,0.0,29,2,0,0,0,0,-1.8111111111111111,6.0
466,Matz Sels,GK,16,0,0,0,0.0,0.1,31,1,0,0,0,0,-0.8222222222222222,6.05
467,Moussa Niakhate,DF,21,1,0,1,1.1,0.1,27,5,1,13,39,6,28.53333333333333,9.15
468,Harry Toffolo,DF,23,1,3,4,1.6,1.5,27,3,0,10,42,34,58.955555555555556,10.35
469,Ibrahim Sangaré,MF,17,0,0,0,0.6,0.4,25,6,0,5,44,7,23.788888888888888,10.799999999999999
470,Taiwo Awoniyi,FW,20,6,3,9,4.7,1.7,25,2,0,8,14,45,81.82222222222222,17.55
471,Serge Aurier,DF,12,0,2,2,0.2,0.5,30,2,0,10,47,29,48.03333333333333,8.45
472,Gonzalo Montiel,DF,14,0,2,2,0.1,1.4,26,5,0,10,28,32,37.75555555555556,8.799999999999999
473,Andrew Omobamidele,DF,11,0,0,0,0.1,0.1,21,2,0,1,8,0,2.9222222222222225,8.15
474,Divock Origi,FW,20,0,1,1,1.4,2.1,28,1,0,19,14,41,44.12222222222222,14.450000000000001
475,Nuno Tavares,DF,8,0,0,0,0.2,0.5,23,2,0,14,24,12,23.988888888888887,8.45
476,Odisseas Vlachodimos,GK,5,0,0,0,0.0,0.0,29,0,0,0,1,0,0.5555555555555556,6.0
477,Joe Worrall,DF,7,0,0,0,0.1,0.2,26,0,1,0,8,1,1.9777777777777779,8.2
478,Scott McKenna,DF,5,0,0,0,0.2,0.2,26,0,0,1,10,0,6.155555555555556,8.299999999999999
479,Felipe,DF,7,0,0,0,0.1,0.1,34,4,0,1,6,0,-0.5222222222222221,8.15
480,Brennan Johnson,FW,3,0,0,0,0.3,0.2,22,0,0,8,1,14,12.333333333333332,12.4
481,Gio Reyna,FW,9,0,1,1,0.3,0.5,20,0,0,3,12,14,18.7,12.55
482,Cheikhou Kouyaté,MF,12,0,0,0,0.3,0.0,33,2,0,0,5,5,3.433333333333333,10.3
483,Rodrigo Ribeiro,MF,4,0,0,0,0.0,0.0,18,0,0,2,2,1,2.5444444444444443,10.0
484,Andrey Santos,MF,1,0,0,0,0.1,0.0,19,0,0,0,0,0,0.2111111111111111,10.1
485,Brandon Aguilera,FW,1,0,0,0,0.0,0.0,20,0,0,0,0,1,0.5111111111111111,12.0
486,Thomas Kaminski,GK,38,0,0,0,0.0,0.0,30,3,0,0,1,0,-2.077777777777778,6.0
487,Alfie Doughty,DF,37,2,8,10,1.3,6.3,23,5,0,94,106,164,220.3111111111111,12.450000000000001
488,Carlton Morris,FW,38,11,4,15,11.4,2.8,27,4,0,37,56,120,195.5222222222222,24.799999999999997
489,Ross Barkley,MF,32,5,4,9,4.1,3.7,29,6,0,48,163,39,168.25555555555556,15.95
490,Teden Mengi,DF,30,1,0,1,0.6,0.3,21,3,0,15,54,1,38.83333333333333,8.75
491,Gabriel Osho,DF,21,2,0,2,1.1,0.1,24,3,0,10,37,4,35.03333333333333,9.15
492,Issa Kaboré,DF,24,0,2,2,0.2,2.1,22,7,0,60,54,85,101.26666666666667,9.25
493,Amari'i Bell,DF,21,0,0,0,0.3,0.5,29,0,0,32,76,10,60.33333333333333,8.55
494,Chiedozie Ogbene,MF,30,4,1,5,4.2,3.1,26,1,0,127,53,150,198.83333333333334,15.75
495,Tahith Chong,MF,33,4,0,4,2.7,0.5,23,4,0,57,72,101,137.26666666666665,12.95
496,Reece Burke,DF,22,0,4,4,1.3,1.4,26,5,0,11,67,14,57.24444444444444,10.0
497,Elijah Adebayo,FW,27,10,0,10,5.9,0.7,25,1,0,16,23,110,136.3,18.25
498,Albert Sambi Lokonga,MF,17,1,3,4,0.6,1.4,23,4,0,29,72,13,69.78888888888889,11.299999999999999
499,Jordan Clark,MF,23,1,1,2,1.0,1.3,29,4,0,21,51,39,63.05555555555556,11.65
500,Andros Townsend,MF,27,1,3,4,1.2,1.3,32,1,0,47,35,71,93.3,11.85
501,Tom Lockyer,DF,14,1,1,2,1.1,0.6,28,4,0,6,37,2,29.455555555555556,9.4
502,Marvelous Nakamba,MF,13,0,0,0,0.2,0.4,29,5,0,1,36,5,16.944444444444443,10.399999999999999
503,Jacob Brown,MF,19,2,0,2,2.8,0.7,25,4,0,25,19,53,61.01111111111111,13.15
504,Pelly Ruddock Mpanzu,MF,27,0,0,0,0.6,0.4,30,1,0,10,34,15,30.4,10.799999999999999
505,Daiki Hashioka,DF,10,0,0,0,0.1,0.7,24,0,0,3,21,16,21.011111111111113,8.45
506,Ryan John Giles,DF,11,0,0,0,0.1,0.2,23,0,0,9,17,30,28.522222222222222,8.2
507,Fred Onyedinma,DF,8,0,0,0,0.2,0.1,26,1,0,9,6,21,17.58888888888889,8.25
508,Mads Juel Andersen,DF,8,1,0,1,0.3,0.0,25,1,0,0,7,1,8.688888888888888,8.3
509,Cauley Woodrow,FW,24,1,1,2,1.4,1.2,28,2,0,7,6,22,27.766666666666666,14.0
510,Luke Berry,MF,17,2,1,3,1.0,0.3,31,1,0,1,8,7,22.38888888888889,11.15
511,Joseph Johnson,DF,2,0,0,0,0.0,0.0,17,1,0,0,2,1,0.5222222222222223,8.0
512,James Shea,GK,1,0,0,0,0.0,0.0,32,0,0,0,0,0,-0.1888888888888889,6.0
513,Zack Nelson,MF,2,0,0,0,0.0,0.0,18,0,0,0,0,0,0.022222222222222223,10.0
514,Sander Berge,MF,37,1,2,3,1.9,2.4,25,10,1,64,164,29,133.11111111111111,13.1
515,Dara O'Shea,DF,33,3,4,7,0.7,2.0,24,5,1,32,122,10,104.76666666666667,9.7
516,James Trafford,GK,28,0,0,0,0.0,0.0,20,2,0,0,6,0,1.3111111111111111,6.0
517,Zeki Amdouni,FW,34,5,1,6,5.8,1.4,22,2,0,63,49,93,141.8777777777778,18.5
518,Vitinho,DF,32,0,2,2,1.6,1.3,24,1,0,59,66,110,127.35555555555555,10.25
519,Charlie Taylor,DF,28,1,1,2,0.2,1.2,29,8,0,36,82,81,101.41111111111111,8.799999999999999
520,Wilson Odobert,MF,29,3,2,5,2.8,3.3,18,3,0,102,58,123,168.72222222222223,14.450000000000001
521,Josh Brownhill,MF,33,4,2,6,1.9,2.1,27,4,1,19,90,36,97.76666666666667,12.950000000000001
522,Josh Cullen,MF,25,2,3,5,0.6,1.8,27,9,0,22,123,22,96.77777777777777,11.5
523,Lyle Foster,FW,24,5,3,8,4.5,1.9,22,0,1,55,37,104,140.16666666666666,17.45
524,Jacob Bruun Larsen,MF,32,6,0,6,5.0,1.5,24,1,0,61,38,146,163.35555555555555,15.75
525,Maxime Estève,DF,16,0,0,0,0.3,0.0,21,6,0,15,40,3,23.77777777777778,8.3
526,Lorenz Assignon,DF,15,1,2,3,0.4,2.6,23,5,1,38,34,57,71.06666666666666,9.700000000000001
527,Jordan Beyer,DF,15,0,1,1,0.5,0.3,23,6,0,9,25,1,15.966666666666667,8.65
528,Luca Koleosho,MF,15,1,1,2,2.0,1.3,18,0,0,53,19,82,90.46666666666667,12.65
529,Jóhann Berg Guðmundsson,MF,26,1,3,4,1.9,2.7,32,2,0,13,59,69,89.08888888888889,13.25
530,Ameen Al-Dakhil,DF,13,1,0,1,1.3,0.1,21,1,0,7,35,9,32.34444444444445,9.350000000000001
531,Arijanet Muric,GK,10,0,0,0,0.0,0.2,24,0,0,0,1,0,0.8111111111111111,6.1
532,David Datro Fofana,FW,15,4,1,5,4.5,1.8,20,1,0,21,15,39,70.46666666666667,17.4
533,Connor Roberts,DF,14,0,1,1,0.0,0.2,27,5,1,6,38,13,23.855555555555554,8.1
534,Jay Rodriguez,FW,21,2,1,3,3.5,0.2,34,0,0,2,17,28,43.53333333333333,15.6
535,Hannes Delcroix,DF,12,0,0,0,0.4,0.2,24,2,0,2,18,6,12.133333333333333,8.5
536,Aaron Ramsey,MF,14,0,0,0,0.3,0.4,20,1,0,8,8,17,16.655555555555555,10.5
537,Hjalmar Ekdal,DF,8,0,0,0,0.1,0.1,24,2,0,5,11,1,6.888888888888889,8.15
538,Mike Trésor,FW,16,0,0,0,0.5,0.4,24,0,0,15,10,31,29.577777777777776,12.7
539,Anass Zaroury,FW,6,0,0,0,0.2,0.0,22,0,1,2,2,12,5.466666666666667,12.2
540,Benson Manuel,MF,8,0,0,0,0.1,0.0,26,0,0,5,2,14,10.788888888888888,10.1
541,Nathan Redmond,FW,12,0,0,0,0.0,0.3,29,1,0,7,8,22,17.933333333333334,12.15
542,Jack Cork,MF,4,0,0,0,0.0,0.0,34,0,0,4,4,1,4.144444444444444,10.0
543,Michael Obafemi,FW,2,0,0,0,0.1,0.0,23,0,0,0,0,3,1.7222222222222223,12.1
544,Han-Noah Massengo,MF,3,0,0,0,0.0,0.0,22,0,0,2,0,0,1.0333333333333334,10.0
545,Gustavo Hamer,MF,36,4,6,10,3.0,6.1,26,9,0,36,135,86,170.0,16.05
546,Jayden Bogle,DF,34,3,0,3,2.3,1.0,23,9,0,38,60,92,106.97777777777777,10.8
547,Jack Robinson,DF,34,1,1,2,1.2,1.2,29,10,0,8,63,14,44.477777777777774,9.799999999999999
548,Vinicius Souza,MF,36,1,0,1,0.6,0.2,24,3,0,7,66,21,50.8,10.7
549,Anel Ahmedhodžić,DF,31,2,0,2,3.1,0.8,24,11,1,15,43,21,42.84444444444445,11.5
550,Wes Foderingham,GK,30,0,0,0,0.0,0.1,32,2,0,0,0,0,-1.7666666666666666,6.05
551,Auston Trusty,DF,32,0,0,0,0.4,1.1,24,4,0,10,40,15,30.755555555555556,8.950000000000001
552,Cameron Archer,FW,29,4,1,5,5.5,2.8,22,1,0,33,15,113,116.62222222222222,18.9
553,James Mcatee,MF,30,3,3,6,3.1,2.9,20,2,0,55,51,110,139.43333333333334,14.549999999999999
554,Oliver Norwood,MF,27,1,0,1,1.1,0.6,32,8,0,3,73,10,42.9,11.4
555,Oliver McBurnie,FW,21,6,3,9,6.9,2.0,27,7,2,6,30,60,90.03333333333333,19.9
556,Ben Osborn,DF,24,0,2,2,0.2,0.9,28,3,0,16,55,44,62.06666666666666,8.649999999999999
557,Ben Brereton,FW,14,6,1,7,6.1,1.5,24,3,0,23,37,78,112.85555555555555,18.85
558,Andre Brooks,MF,20,0,0,0,0.4,0.1,19,1,0,12,18,22,26.12222222222222,10.450000000000001
559,George Baldock,DF,13,0,1,1,0.0,0.8,30,4,0,9,31,24,31.944444444444443,8.4
560,Oliver Arblaster,MF,12,0,0,0,0.0,0.7,19,2,0,13,43,4,28.833333333333332,10.35
561,Luke Thomas,DF,12,0,0,0,0.5,0.1,22,3,0,8,33,22,29.733333333333334,8.55
562,William Osula,FW,21,0,0,0,1.6,0.1,19,4,0,7,2,41,24.53333333333333,13.65
563,Ivo Grbić,GK,9,0,0,0,0.0,0.0,27,1,0,0,0,0,-0.9,6.0
564,Mason Holgate,DF,10,0,0,0,0.6,0.4,26,3,1,0,13,0,2.2111111111111112,8.799999999999999
565,Yasser Larouci,DF,11,0,0,0,0.2,0.3,22,1,0,18,14,12,21.822222222222223,8.35
566,John Egan,DF,6,0,0,0,0.2,0.0,30,2,0,0,5,1,1.4666666666666668,8.2
567,Max Lowe,DF,10,0,0,0,0.6,0.7,26,1,0,5,12,11,15.011111111111111,8.95
568,Anis Ben Slimane,MF,15,0,0,0,0.8,0.3,22,2,0,3,12,21,18.066666666666666,10.950000000000001
569,Bénie Adama Traore,FW,8,0,0,0,0.3,0.5,20,0,0,7,9,14,16.18888888888889,12.55
570,Rhian Brewster,FW,13,0,0,0,0.4,0.1,23,0,1,1,3,21,10.544444444444444,12.450000000000001
571,Chris Basham,DF,8,0,0,0,0.1,0.3,35,1,0,1,7,6,6.088888888888889,8.25
572,Tom Davies,MF,9,0,0,0,0.4,0.1,25,2,0,3,8,3,6.0,10.450000000000001
573,Rhys Norrington-Davies,DF,5,0,0,0,0.0,0.0,24,1,0,3,2,6,4.555555555555555,8.0
574,John Fleck,MF,4,0,0,0,0.0,0.4,31,1,0,2,3,0,1.8444444444444446,10.2
575,Sam Curtis,DF,1,0,0,0,0.0,0.0,17,0,0,0,1,1,1.011111111111111,8.0
576,Daniel Jebbison,FW,1,0,0,0,0.0,0.0,19,0,0,0,0,1,0.5111111111111111,12.0
577,Antwoine Hackford,FW,2,0,0,0,0.0,0.0,19,0,0,0,0,0,0.022222222222222223,12.0
578,Sydie Peck,MF,1,0,0,0,0.0,0.0,18,0,0,0,0,0,0.011111111111111112,10.0
579,Ryan One,FW,1,0,0,0,0.0,0.0,17,0,0,1,0,0,0.5111111111111111,12.0
